{"cameraMode":{"drawMode":0,"name":"Shaded","section":"Shading Mode"},"sceneLighting":true,"audioPlay":false,"sceneViewState":{"showFog":true,"showMaterialUpdate":false,"showSkybox":true,"showFlares":true,"showImageEffects":true,"showParticleSystems":true},"in2DMode":false,"pivot":{"x":326.6921691894531,"y":-20.114973068237306,"z":0.0},"rotation":{"x":-0.03926876187324524,"y":0.039556026458740237,"z":-0.0015558205777779222,"w":-0.9984446167945862},"size":18.342254638671876,"orthographic":false}